model,PA_Normalized,Execution_Accuracy,total_samples
Qwen3-8B,0.5955734406438632,0.641851106639839,497
Phi4,0.5392354124748491,0.5754527162977867,497
Phi4_finetuned,0.48893360160965793,0.5231388329979879,497
mistral-7b-instruct-v0.3,0.386317907444668,0.4164989939637827,497
Llama-3.1-8B,0.002012072434607646,0.004024144869215292,497
